--------------------------------------------------------
--  파일이 생성됨 - 금요일-5월-26-2023   
--------------------------------------------------------
--------------------------------------------------------
--  DDL for Sequence PLAYERS_SEQ
--------------------------------------------------------

   CREATE SEQUENCE  "VOLLEYBALL"."PLAYERS_SEQ"  MINVALUE 1 MAXVALUE 999 INCREMENT BY 1 START WITH 19 NOCACHE  NOORDER  NOCYCLE ;
--------------------------------------------------------
--  DDL for Table PLAYERS
--------------------------------------------------------

  CREATE TABLE "VOLLEYBALL"."PLAYERS" 
   (	"P_CODE" NUMBER(10,0), 
	"P_NAME" VARCHAR2(20 BYTE), 
	"P_POSITION" VARCHAR2(10 BYTE), 
	"HEIGHT" NUMBER(3,0), 
	"SCORE" NUMBER(3,0), 
	"JOIN_YEAR" NUMBER(10,0), 
	"SERVE" NUMBER(10,2), 
	"BLOCKING" NUMBER(10,2), 
	"RECEIVE" NUMBER(10,2), 
	"P_SET" NUMBER(10,2), 
	"TEAM_NAME" VARCHAR2(100 BYTE)
   ) SEGMENT CREATION IMMEDIATE 
  PCTFREE 10 PCTUSED 40 INITRANS 1 MAXTRANS 255 NOCOMPRESS LOGGING
  STORAGE(INITIAL 65536 NEXT 1048576 MINEXTENTS 1 MAXEXTENTS 2147483645
  PCTINCREASE 0 FREELISTS 1 FREELIST GROUPS 1 BUFFER_POOL DEFAULT FLASH_CACHE DEFAULT CELL_FLASH_CACHE DEFAULT)
  TABLESPACE "USERS" ;
--------------------------------------------------------
--  DDL for Table STAFFS
--------------------------------------------------------

  CREATE TABLE "VOLLEYBALL"."STAFFS" 
   (	"TEAM_NAME" VARCHAR2(100 BYTE), 
	"S_NAME" VARCHAR2(60 BYTE), 
	"S_POSITION" VARCHAR2(60 BYTE), 
	"TASK" VARCHAR2(100 BYTE)
   ) SEGMENT CREATION IMMEDIATE 
  PCTFREE 10 PCTUSED 40 INITRANS 1 MAXTRANS 255 NOCOMPRESS LOGGING
  STORAGE(INITIAL 65536 NEXT 1048576 MINEXTENTS 1 MAXEXTENTS 2147483645
  PCTINCREASE 0 FREELISTS 1 FREELIST GROUPS 1 BUFFER_POOL DEFAULT FLASH_CACHE DEFAULT CELL_FLASH_CACHE DEFAULT)
  TABLESPACE "USERS" ;
--------------------------------------------------------
--  DDL for Table TEAMS
--------------------------------------------------------

  CREATE TABLE "VOLLEYBALL"."TEAMS" 
   (	"TEAM_NAME" VARCHAR2(100 BYTE), 
	"OWNER" VARCHAR2(20 BYTE), 
	"DIRECTOR" VARCHAR2(20 BYTE), 
	"TEAM_LEADER" VARCHAR2(20 BYTE), 
	"REGION" VARCHAR2(20 BYTE), 
	"SPONSER" VARCHAR2(100 BYTE)
   ) SEGMENT CREATION IMMEDIATE 
  PCTFREE 10 PCTUSED 40 INITRANS 1 MAXTRANS 255 NOCOMPRESS LOGGING
  STORAGE(INITIAL 65536 NEXT 1048576 MINEXTENTS 1 MAXEXTENTS 2147483645
  PCTINCREASE 0 FREELISTS 1 FREELIST GROUPS 1 BUFFER_POOL DEFAULT FLASH_CACHE DEFAULT CELL_FLASH_CACHE DEFAULT)
  TABLESPACE "USERS" ;
REM INSERTING into VOLLEYBALL.PLAYERS
SET DEFINE OFF;
Insert into VOLLEYBALL.PLAYERS (P_CODE,P_NAME,P_POSITION,HEIGHT,SCORE,JOIN_YEAR,SERVE,BLOCKING,RECEIVE,P_SET,TEAM_NAME) values (8,'김연경','OH',192,789,2005,0,0,6,0,'흥국생명 핑크스파이더스');
Insert into VOLLEYBALL.PLAYERS (P_CODE,P_NAME,P_POSITION,HEIGHT,SCORE,JOIN_YEAR,SERVE,BLOCKING,RECEIVE,P_SET,TEAM_NAME) values (9,'김서윤','OH',177,355,2011,0,0,6,0,'흥국생명 핑크스파이더스');
Insert into VOLLEYBALL.PLAYERS (P_CODE,P_NAME,P_POSITION,HEIGHT,SCORE,JOIN_YEAR,SERVE,BLOCKING,RECEIVE,P_SET,TEAM_NAME) values (10,'옐레나','OP',196,956,2021,0,1,3,0,'흥국생명 핑크스파이더스');
Insert into VOLLEYBALL.PLAYERS (P_CODE,P_NAME,P_POSITION,HEIGHT,SCORE,JOIN_YEAR,SERVE,BLOCKING,RECEIVE,P_SET,TEAM_NAME) values (11,'김나희','MB',178,92,2007,0,0,1,1,'흥국생명 핑크스파이더스');
Insert into VOLLEYBALL.PLAYERS (P_CODE,P_NAME,P_POSITION,HEIGHT,SCORE,JOIN_YEAR,SERVE,BLOCKING,RECEIVE,P_SET,TEAM_NAME) values (12,'김다솔','S',173,20,2014,0,0,3,9,'흥국생명 핑크스파이더스');
Insert into VOLLEYBALL.PLAYERS (P_CODE,P_NAME,P_POSITION,HEIGHT,SCORE,JOIN_YEAR,SERVE,BLOCKING,RECEIVE,P_SET,TEAM_NAME) values (13,'김해란','L',168,0,2005,0,0,8,1,'흥국생명 핑크스파이더스');
Insert into VOLLEYBALL.PLAYERS (P_CODE,P_NAME,P_POSITION,HEIGHT,SCORE,JOIN_YEAR,SERVE,BLOCKING,RECEIVE,P_SET,TEAM_NAME) values (2,'강소휘','OH',180,455,2015,0,0,37,0,'GS칼텍스 KIXX');
Insert into VOLLEYBALL.PLAYERS (P_CODE,P_NAME,P_POSITION,HEIGHT,SCORE,JOIN_YEAR,SERVE,BLOCKING,RECEIVE,P_SET,TEAM_NAME) values (3,'정대영','MB',185,288,2005,0,1,25,0,'GS칼텍스 KIXX');
Insert into VOLLEYBALL.PLAYERS (P_CODE,P_NAME,P_POSITION,HEIGHT,SCORE,JOIN_YEAR,SERVE,BLOCKING,RECEIVE,P_SET,TEAM_NAME) values (4,'김지원','S',174,19,2020,0,0,0,6,'GS칼텍스 KIXX');
Insert into VOLLEYBALL.PLAYERS (P_CODE,P_NAME,P_POSITION,HEIGHT,SCORE,JOIN_YEAR,SERVE,BLOCKING,RECEIVE,P_SET,TEAM_NAME) values (5,'한다혜','L',164,2,2013,0,0,51,0,'GS칼텍스 KIXX');
Insert into VOLLEYBALL.PLAYERS (P_CODE,P_NAME,P_POSITION,HEIGHT,SCORE,JOIN_YEAR,SERVE,BLOCKING,RECEIVE,P_SET,TEAM_NAME) values (6,'문지윤','OP',181,130,2018,0,0,20,0,'GS칼텍스 KIXX');
Insert into VOLLEYBALL.PLAYERS (P_CODE,P_NAME,P_POSITION,HEIGHT,SCORE,JOIN_YEAR,SERVE,BLOCKING,RECEIVE,P_SET,TEAM_NAME) values (7,'권민지','OH',178,215,2019,0,0,36,0,'GS칼텍스 KIXX');
Insert into VOLLEYBALL.PLAYERS (P_CODE,P_NAME,P_POSITION,HEIGHT,SCORE,JOIN_YEAR,SERVE,BLOCKING,RECEIVE,P_SET,TEAM_NAME) values (14,'표승주','OH',182,529,2010,0.09,0.36,6.83,0.21,'IBK 기업은행 알토스');
Insert into VOLLEYBALL.PLAYERS (P_CODE,P_NAME,P_POSITION,HEIGHT,SCORE,JOIN_YEAR,SERVE,BLOCKING,RECEIVE,P_SET,TEAM_NAME) values (15,'최정민','MB',179,227,2020,0.1,0.54,1.15,0.12,'IBK 기업은행 알토스');
Insert into VOLLEYBALL.PLAYERS (P_CODE,P_NAME,P_POSITION,HEIGHT,SCORE,JOIN_YEAR,SERVE,BLOCKING,RECEIVE,P_SET,TEAM_NAME) values (16,'김하경','S',174,56,2014,0.17,0.11,2.79,10.24,'IBK 기업은행 알토스');
Insert into VOLLEYBALL.PLAYERS (P_CODE,P_NAME,P_POSITION,HEIGHT,SCORE,JOIN_YEAR,SERVE,BLOCKING,RECEIVE,P_SET,TEAM_NAME) values (17,'신연경','L',176,0,2012,0,0,7.75,0.62,'IBK 기업은행 알토스');
Insert into VOLLEYBALL.PLAYERS (P_CODE,P_NAME,P_POSITION,HEIGHT,SCORE,JOIN_YEAR,SERVE,BLOCKING,RECEIVE,P_SET,TEAM_NAME) values (18,'황민경','OH',174,282,2008,0.17,0.24,5.37,0.29,'IBK 기업은행 알토스');
Insert into VOLLEYBALL.PLAYERS (P_CODE,P_NAME,P_POSITION,HEIGHT,SCORE,JOIN_YEAR,SERVE,BLOCKING,RECEIVE,P_SET,TEAM_NAME) values (1,'김희진','OP',185,251,2010,0.03,0.22,2.17,0.16,'IBK 기업은행 알토스');
REM INSERTING into VOLLEYBALL.STAFFS
SET DEFINE OFF;
Insert into VOLLEYBALL.STAFFS (TEAM_NAME,S_NAME,S_POSITION,TASK) values ('흥국생명 핑크스파이더스','마르첼로 아본단자','DIR','관리 총괄책임자');
Insert into VOLLEYBALL.STAFFS (TEAM_NAME,S_NAME,S_POSITION,TASK) values ('흥국생명 핑크스파이더스','최지완','CO','훈련관리');
Insert into VOLLEYBALL.STAFFS (TEAM_NAME,S_NAME,S_POSITION,TASK) values ('흥국생명 핑크스파이더스','이택규','TR','체력 및 건강관리');
Insert into VOLLEYBALL.STAFFS (TEAM_NAME,S_NAME,S_POSITION,TASK) values ('흥국생명 핑크스파이더스','이주현','AN','전략분석');
Insert into VOLLEYBALL.STAFFS (TEAM_NAME,S_NAME,S_POSITION,TASK) values ('흥국생명 핑크스파이더스','김예솔','MG','선수단 스케쥴관리');
Insert into VOLLEYBALL.STAFFS (TEAM_NAME,S_NAME,S_POSITION,TASK) values ('GS칼텍스 KIXX','차상현','DIR','팀관리 및 전체총괄');
Insert into VOLLEYBALL.STAFFS (TEAM_NAME,S_NAME,S_POSITION,TASK) values ('GS칼텍스 KIXX','이용희','CO','훈련관리');
Insert into VOLLEYBALL.STAFFS (TEAM_NAME,S_NAME,S_POSITION,TASK) values ('GS칼텍스 KIXX','이경태','TR','선수체력관리');
Insert into VOLLEYBALL.STAFFS (TEAM_NAME,S_NAME,S_POSITION,TASK) values ('GS칼텍스 KIXX','김재훈','AN','전략분석');
Insert into VOLLEYBALL.STAFFS (TEAM_NAME,S_NAME,S_POSITION,TASK) values ('GS칼텍스 KIXX','이경하','MG','선수단관리');
REM INSERTING into VOLLEYBALL.TEAMS
SET DEFINE OFF;
Insert into VOLLEYBALL.TEAMS (TEAM_NAME,OWNER,DIRECTOR,TEAM_LEADER,REGION,SPONSER) values ('흥국생명 핑크스파이더스','임형준','마르첼로','김연경','인천','흥국생명');
Insert into VOLLEYBALL.TEAMS (TEAM_NAME,OWNER,DIRECTOR,TEAM_LEADER,REGION,SPONSER) values ('GS칼텍스 KIXX','허세홍','차상현','정대영','서울','GS칼텍스');
Insert into VOLLEYBALL.TEAMS (TEAM_NAME,OWNER,DIRECTOR,TEAM_LEADER,REGION,SPONSER) values ('IBK 기업은행 알토스','김호철','김성태','신연경','화성','IBK 기업은행');
--------------------------------------------------------
--  DDL for Index PLAYER_PK
--------------------------------------------------------

  CREATE UNIQUE INDEX "VOLLEYBALL"."PLAYER_PK" ON "VOLLEYBALL"."PLAYERS" ("P_CODE") 
  PCTFREE 10 INITRANS 2 MAXTRANS 255 COMPUTE STATISTICS 
  STORAGE(INITIAL 65536 NEXT 1048576 MINEXTENTS 1 MAXEXTENTS 2147483645
  PCTINCREASE 0 FREELISTS 1 FREELIST GROUPS 1 BUFFER_POOL DEFAULT FLASH_CACHE DEFAULT CELL_FLASH_CACHE DEFAULT)
  TABLESPACE "USERS" ;
--------------------------------------------------------
--  DDL for Index TEAMS_PK
--------------------------------------------------------

  CREATE UNIQUE INDEX "VOLLEYBALL"."TEAMS_PK" ON "VOLLEYBALL"."TEAMS" ("TEAM_NAME") 
  PCTFREE 10 INITRANS 2 MAXTRANS 255 COMPUTE STATISTICS 
  STORAGE(INITIAL 65536 NEXT 1048576 MINEXTENTS 1 MAXEXTENTS 2147483645
  PCTINCREASE 0 FREELISTS 1 FREELIST GROUPS 1 BUFFER_POOL DEFAULT FLASH_CACHE DEFAULT CELL_FLASH_CACHE DEFAULT)
  TABLESPACE "USERS" ;
--------------------------------------------------------
--  DDL for Index PLAYER_PK
--------------------------------------------------------

  CREATE UNIQUE INDEX "VOLLEYBALL"."PLAYER_PK" ON "VOLLEYBALL"."PLAYERS" ("P_CODE") 
  PCTFREE 10 INITRANS 2 MAXTRANS 255 COMPUTE STATISTICS 
  STORAGE(INITIAL 65536 NEXT 1048576 MINEXTENTS 1 MAXEXTENTS 2147483645
  PCTINCREASE 0 FREELISTS 1 FREELIST GROUPS 1 BUFFER_POOL DEFAULT FLASH_CACHE DEFAULT CELL_FLASH_CACHE DEFAULT)
  TABLESPACE "USERS" ;
--------------------------------------------------------
--  DDL for Index TEAMS_PK
--------------------------------------------------------

  CREATE UNIQUE INDEX "VOLLEYBALL"."TEAMS_PK" ON "VOLLEYBALL"."TEAMS" ("TEAM_NAME") 
  PCTFREE 10 INITRANS 2 MAXTRANS 255 COMPUTE STATISTICS 
  STORAGE(INITIAL 65536 NEXT 1048576 MINEXTENTS 1 MAXEXTENTS 2147483645
  PCTINCREASE 0 FREELISTS 1 FREELIST GROUPS 1 BUFFER_POOL DEFAULT FLASH_CACHE DEFAULT CELL_FLASH_CACHE DEFAULT)
  TABLESPACE "USERS" ;
--------------------------------------------------------
--  Constraints for Table PLAYERS
--------------------------------------------------------

  ALTER TABLE "VOLLEYBALL"."PLAYERS" ADD CONSTRAINT "PLAYERS_PK" PRIMARY KEY ("P_CODE")
  USING INDEX PCTFREE 10 INITRANS 2 MAXTRANS 255 COMPUTE STATISTICS 
  STORAGE(INITIAL 65536 NEXT 1048576 MINEXTENTS 1 MAXEXTENTS 2147483645
  PCTINCREASE 0 FREELISTS 1 FREELIST GROUPS 1 BUFFER_POOL DEFAULT FLASH_CACHE DEFAULT CELL_FLASH_CACHE DEFAULT)
  TABLESPACE "USERS"  ENABLE;
  ALTER TABLE "VOLLEYBALL"."PLAYERS" MODIFY ("P_CODE" CONSTRAINT "PLAYERS_PK_NN" NOT NULL ENABLE);
--------------------------------------------------------
--  Constraints for Table TEAMS
--------------------------------------------------------

  ALTER TABLE "VOLLEYBALL"."TEAMS" ADD CONSTRAINT "TEAMS_PK" PRIMARY KEY ("TEAM_NAME")
  USING INDEX PCTFREE 10 INITRANS 2 MAXTRANS 255 COMPUTE STATISTICS 
  STORAGE(INITIAL 65536 NEXT 1048576 MINEXTENTS 1 MAXEXTENTS 2147483645
  PCTINCREASE 0 FREELISTS 1 FREELIST GROUPS 1 BUFFER_POOL DEFAULT FLASH_CACHE DEFAULT CELL_FLASH_CACHE DEFAULT)
  TABLESPACE "USERS"  ENABLE;
  ALTER TABLE "VOLLEYBALL"."TEAMS" MODIFY ("REGION" NOT NULL ENABLE);
  ALTER TABLE "VOLLEYBALL"."TEAMS" MODIFY ("TEAM_LEADER" NOT NULL ENABLE);
  ALTER TABLE "VOLLEYBALL"."TEAMS" MODIFY ("DIRECTOR" NOT NULL ENABLE);
  ALTER TABLE "VOLLEYBALL"."TEAMS" MODIFY ("OWNER" NOT NULL ENABLE);
--------------------------------------------------------
--  Ref Constraints for Table PLAYERS
--------------------------------------------------------

  ALTER TABLE "VOLLEYBALL"."PLAYERS" ADD CONSTRAINT "TEAM_NAME_FK" FOREIGN KEY ("TEAM_NAME")
	  REFERENCES "VOLLEYBALL"."TEAMS" ("TEAM_NAME") ENABLE;
--------------------------------------------------------
--  Ref Constraints for Table STAFFS
--------------------------------------------------------

  ALTER TABLE "VOLLEYBALL"."STAFFS" ADD CONSTRAINT "STAFF_NO_FK" FOREIGN KEY ("TEAM_NAME")
	  REFERENCES "VOLLEYBALL"."TEAMS" ("TEAM_NAME") ENABLE;
